{"cameraMode":{"drawMode":0,"name":"Shaded","section":"Shading Mode"},"sceneLighting":false,"audioPlay":false,"sceneViewState":{"showFog":true,"showMaterialUpdate":false,"showSkybox":false,"showFlares":true,"showImageEffects":true,"showParticleSystems":true},"in2DMode":false,"pivot":{"x":-0.06017786264419556,"y":1.1884148120880128,"z":0.3265566825866699},"rotation":{"x":0.09312967211008072,"y":0.8645710945129395,"z":-0.1742657572031021,"w":0.4620366394519806},"size":7.654216766357422,"orthographic":false}