{"cameraMode":{"drawMode":0,"name":"Shaded","section":"Shading Mode"},"sceneLighting":true,"audioPlay":false,"sceneViewState":{"showFog":true,"showMaterialUpdate":false,"showSkybox":true,"showFlares":true,"showImageEffects":true,"showParticleSystems":true},"in2DMode":false,"pivot":{"x":-3.690000295639038,"y":0.8680965900421143,"z":-0.9399995803833008},"rotation":{"x":0.3750652074813843,"y":-0.46554264426231387,"z":0.2271241992712021,"w":0.7687764763832092},"size":5.731666088104248,"orthographic":false}